{"cameraMode":{"drawMode":0,"name":"Shaded","section":"Shading Mode"},"sceneLighting":false,"audioPlay":false,"sceneViewState":{"showFog":true,"showMaterialUpdate":false,"showSkybox":true,"showFlares":true,"showImageEffects":true,"showParticleSystems":true},"in2DMode":false,"pivot":{"x":-0.2706516683101654,"y":1.3129010200500489,"z":-0.15108370780944825},"rotation":{"x":-0.0234193354845047,"y":0.9757851362228394,"z":-0.13253580033779145,"w":-0.17242152988910676},"size":2.6884562969207765,"orthographic":false}