{"cameraMode":{"drawMode":0,"name":"Shaded","section":"Shading Mode"},"sceneLighting":true,"audioPlay":false,"sceneViewState":{"showFog":true,"showMaterialUpdate":false,"showSkybox":true,"showFlares":true,"showImageEffects":true,"showParticleSystems":true},"in2DMode":false,"pivot":{"x":11.52180290222168,"y":37.3521614074707,"z":36.7822265625},"rotation":{"x":0.5756806135177612,"y":0.07940474897623062,"z":-0.05630708858370781,"w":0.811859667301178},"size":35.96614074707031,"orthographic":true}