{"cameraMode":{"drawMode":0,"name":"Shaded","section":"Shading Mode"},"sceneLighting":false,"audioPlay":false,"sceneViewState":{"showFog":true,"showMaterialUpdate":false,"showSkybox":true,"showFlares":true,"showImageEffects":true,"showParticleSystems":true},"in2DMode":false,"pivot":{"x":-0.7685433626174927,"y":-3.3017051219940187,"z":0.36675748229026797},"rotation":{"x":-0.5424020290374756,"y":0.003270314307883382,"z":-0.0021107832435518505,"w":-0.8401101231575012},"size":22.0,"orthographic":true}