{"cameraMode":{"drawMode":0,"name":"Shaded","section":"Shading Mode"},"sceneLighting":true,"audioPlay":false,"sceneViewState":{"showFog":true,"showMaterialUpdate":false,"showSkybox":true,"showFlares":true,"showImageEffects":true,"showParticleSystems":true},"in2DMode":false,"pivot":{"x":0.007946133613586426,"y":1.1068750619888306,"z":5.271694183349609},"rotation":{"x":-0.03412504121661186,"y":-0.7488027811050415,"z":-0.038670528680086139,"w":0.6607832908630371},"size":1.0555570125579835,"orthographic":false}