{"cameraMode":{"drawMode":0,"name":"Shaded","section":"Shading Mode"},"sceneLighting":true,"audioPlay":false,"sceneViewState":{"showFog":false,"showMaterialUpdate":false,"showSkybox":false,"showFlares":false,"showImageEffects":false,"showParticleSystems":false},"in2DMode":false,"pivot":{"x":10.591659545898438,"y":1.3104562759399415,"z":0.09383869171142578},"rotation":{"x":-0.22907188534736634,"y":-0.07874587923288346,"z":0.01859550178050995,"w":-0.9700409173965454},"size":61.00157165527344,"orthographic":false}