{"cameraMode":{"drawMode":0,"name":"Shaded","section":"Shading Mode"},"sceneLighting":true,"audioPlay":false,"sceneViewState":{"showFog":true,"showMaterialUpdate":false,"showSkybox":true,"showFlares":true,"showImageEffects":true,"showParticleSystems":true},"in2DMode":false,"pivot":{"x":0.7943034172058106,"y":0.6715505123138428,"z":2.8573222160339357},"rotation":{"x":-0.3430534303188324,"y":0.1628309041261673,"z":-0.060512322932481769,"w":-0.9231136441230774},"size":34.10505294799805,"orthographic":false}