{"cameraMode":{"drawMode":0,"name":"Shaded","section":"Shading Mode"},"sceneLighting":false,"audioPlay":false,"sceneViewState":{"showFog":true,"showMaterialUpdate":false,"showSkybox":true,"showFlares":true,"showImageEffects":true,"showParticleSystems":true},"in2DMode":false,"pivot":{"x":11.5904541015625,"y":3.111973762512207,"z":-17.70710563659668},"rotation":{"x":0.41686931252479555,"y":0.4309706687927246,"z":-0.23482415080070496,"w":0.7650763988494873},"size":-0.9099408984184265,"orthographic":false}