{"cameraMode":{"drawMode":0,"name":"Shaded","section":"Shading Mode"},"sceneLighting":false,"audioPlay":false,"sceneViewState":{"showFog":true,"showMaterialUpdate":false,"showSkybox":true,"showFlares":true,"showImageEffects":true,"showParticleSystems":true},"in2DMode":false,"pivot":{"x":-0.7380025386810303,"y":-1.0648480653762818,"z":-0.587756335735321},"rotation":{"x":0.14754362404346467,"y":0.7682175636291504,"z":-0.19117264449596406,"w":0.5928959846496582},"size":2.700057029724121,"orthographic":false}