{"cameraMode":{"drawMode":0,"name":"Shaded","section":"Shading Mode"},"sceneLighting":false,"audioPlay":false,"sceneViewState":{"showFog":true,"showMaterialUpdate":false,"showSkybox":true,"showFlares":true,"showImageEffects":true,"showParticleSystems":true},"in2DMode":false,"pivot":{"x":0.10555559396743775,"y":0.75,"z":16.28999900817871},"rotation":{"x":0.13993889093399049,"y":-0.8270362615585327,"z":0.23584792017936707,"w":0.4907177686691284},"size":51.354949951171878,"orthographic":false}