{"cameraMode":{"drawMode":0,"name":"Shaded","section":"Shading Mode"},"sceneLighting":true,"audioPlay":false,"sceneViewState":{"showFog":true,"showMaterialUpdate":false,"showSkybox":true,"showFlares":true,"showImageEffects":true,"showParticleSystems":true},"in2DMode":false,"pivot":{"x":0.8749386072158814,"y":7.6407575607299809,"z":-19.2197322845459},"rotation":{"x":-0.2578933537006378,"y":-0.03332494571805,"z":0.008900848217308522,"w":-0.9655575156211853},"size":30.491195678710939,"orthographic":false}