{"cameraMode":{"drawMode":0,"name":"Shaded","section":"Shading Mode"},"sceneLighting":true,"audioPlay":false,"sceneViewState":{"showFog":true,"showMaterialUpdate":false,"showSkybox":true,"showFlares":true,"showImageEffects":true,"showParticleSystems":true},"in2DMode":false,"pivot":{"x":-0.11874330043792725,"y":10.062948226928711,"z":5.3795166015625},"rotation":{"x":0.6348703503608704,"y":0.0092709856107831,"z":-0.007618398405611515,"w":0.7725254893302918},"size":9.172378540039063,"orthographic":false}