{"cameraMode":{"drawMode":0,"name":"Shaded","section":"Shading Mode"},"sceneLighting":false,"audioPlay":false,"sceneViewState":{"showFog":true,"showMaterialUpdate":false,"showSkybox":true,"showFlares":true,"showImageEffects":true,"showParticleSystems":true},"in2DMode":false,"pivot":{"x":0.00005078315734863281,"y":0.9207098484039307,"z":5.372464656829834},"rotation":{"x":-0.011888266541063786,"y":0.9835082292556763,"z":-0.16619470715522767,"w":-0.07035312056541443},"size":4.591413974761963,"orthographic":false}