{"cameraMode":{"drawMode":0,"name":"Shaded","section":"Shading Mode"},"sceneLighting":true,"audioPlay":false,"sceneViewState":{"showFog":true,"showMaterialUpdate":false,"showSkybox":true,"showFlares":true,"showImageEffects":true,"showParticleSystems":true},"in2DMode":false,"pivot":{"x":0.5713828802108765,"y":0.9387566447257996,"z":8.916855812072754},"rotation":{"x":-0.03581421822309494,"y":-0.8131511211395264,"z":0.050316985696554187,"w":-0.5787666440010071},"size":1.111649751663208,"orthographic":false}