{"cameraMode":{"drawMode":0,"name":"Shaded","section":"Shading Mode"},"sceneLighting":true,"audioPlay":false,"sceneViewState":{"showFog":true,"showMaterialUpdate":false,"showSkybox":true,"showFlares":true,"showImageEffects":true,"showParticleSystems":true},"in2DMode":false,"pivot":{"x":-2.024221420288086,"y":3.6788980960845949,"z":4.1466827392578129},"rotation":{"x":0.2196946144104004,"y":0.2290240228176117,"z":-0.05314154550433159,"w":0.9468148350715637},"size":1.682718276977539,"orthographic":true}