{"cameraMode":{"drawMode":0,"name":"Shaded","section":"Shading Mode"},"sceneLighting":false,"audioPlay":false,"sceneViewState":{"showFog":true,"showMaterialUpdate":false,"showSkybox":true,"showFlares":true,"showImageEffects":true,"showParticleSystems":true},"in2DMode":false,"pivot":{"x":-2.450797182973474e-7,"y":-0.000002571227696535061,"z":-0.000004620022991730366},"rotation":{"x":-0.015251394361257553,"y":-0.7349708676338196,"z":0.016539638862013818,"w":-0.6777253746986389},"size":2.1000571250915529,"orthographic":false}