{"cameraMode":{"drawMode":0,"name":"Shaded","section":"Shading Mode"},"sceneLighting":true,"audioPlay":false,"sceneViewState":{"showFog":true,"showMaterialUpdate":false,"showSkybox":true,"showFlares":true,"showImageEffects":true,"showParticleSystems":true},"in2DMode":false,"pivot":{"x":-8.142398834228516,"y":4.256850242614746,"z":45.50621032714844},"rotation":{"x":0.5888961553573608,"y":-0.005798473954200745,"z":0.004225254524499178,"w":0.8081769347190857},"size":56.035518646240237,"orthographic":false}