{"cameraMode":{"drawMode":0,"name":"Shaded","section":"Shading Mode"},"sceneLighting":false,"audioPlay":false,"sceneViewState":{"showFog":true,"showMaterialUpdate":false,"showSkybox":true,"showFlares":true,"showImageEffects":true,"showParticleSystems":true},"in2DMode":false,"pivot":{"x":6.150000095367432,"y":1.8799999952316285,"z":-32.5},"rotation":{"x":0.13993889093399049,"y":-0.8270362615585327,"z":0.23584792017936707,"w":0.4907177686691284},"size":0.00006008454874972813,"orthographic":false}