{"cameraMode":{"drawMode":0,"name":"Shaded","section":"Shading Mode"},"sceneLighting":true,"audioPlay":false,"sceneViewState":{"showFog":true,"showMaterialUpdate":false,"showSkybox":true,"showFlares":true,"showImageEffects":true,"showParticleSystems":true},"in2DMode":false,"pivot":{"x":-2.1209912300109865,"y":5.284740447998047,"z":0.8658096790313721},"rotation":{"x":0.7344924807548523,"y":0.008366702124476433,"z":-0.0090568782761693,"w":0.6785048246383667},"size":6.0664591789245609,"orthographic":true}