{"cameraMode":{"drawMode":0,"name":"Shaded","section":"Shading Mode"},"sceneLighting":false,"audioPlay":false,"sceneViewState":{"showFog":true,"showMaterialUpdate":false,"showSkybox":true,"showFlares":true,"showImageEffects":true,"showParticleSystems":true},"in2DMode":false,"pivot":{"x":-0.5099730491638184,"y":2.569999933242798,"z":-20.12803077697754},"rotation":{"x":0.13993889093399049,"y":-0.8270362615585327,"z":0.23584792017936707,"w":0.4907177686691284},"size":0.00005634145418298431,"orthographic":false}